{
    "IDfg": 25976,
    "Season": 2024,
    "Name": "Riley Greene",
    "Age": 23,
    "G": 137,
    "AB": 512,
    "PA": 584,
    "H": 134,
    "1B": 77,
    "2B": 27,
    "3B": 6,
    "HR": 24,
    "R": 82,
    "RBI": 74,
    "BB": 64,
    "IBB": 3,
    "SO": 156,
    "HBP": 5,
    "SF": 2,
    "SH": 0,
    "GDP": 2,
    "SB": 4,
    "CS": 2,
    "AVG": 0.262,
    "GB": 156,
    "FB": 124,
    "LD": 78,
    "IFFB": 5,
    "Pitches": 2416,
    "Balls": 935,
    "Strikes": 1481,
    "IFH": 6,
    "BU": 0,
    "BUH": 0,
    "BB%": 0.11,
    "K%": 0.267,
    "BB/K": 0.41,
    "OBP": 0.348,
    "SLG": 0.479,
    "OPS": 0.827,
    "ISO": 0.217,
    "BABIP": 0.329,
    "GB/FB": 0.0126,
    "LD%": 0.218,
    "GB%": 0.436,
    "FB%": 0.34600000000000003,
    "IFFB%": 0.04,
    "HR/FB": 0.19399999999999998,
    "IFH%": 0.038,
    "BUH%": 0.0,
    "wOBA": 0.355,
    "wRAA": 21.3,
    "wRC": 90,
    "Bat": 23.4,
    "Fld": 2.9,
    "Rep": 17.7,
    "Pos": -6.8,
    "RAR": 38.8,
    "WAR": 4.0,
    "Dol": "$32.1",
    "Spd": 4.9,
    "wRC+": 135,
    "WPA": 2.29,
    "-WPA": -9.15,
    "+WPA": 11.43,
    "RE24": 24.35,
    "REW": 2.59,
    "pLI": 0.97,
    "phLI": 2.71,
    "PH": 2,
    "WPA/LI": 2.07,
    "Clutch": 0.29,
    "FB% (Pitch)": 0.445,
    "FBv": 93.6,
    "SL%": 0.177,
    "SLv": 84.2,
    "CT%": 0.095,
    "CTv": 89.3,
    "CB%": 0.08900000000000001,
    "CBv": 79.7,
    "CH%": 0.156,
    "CHv": 85.7,
    "SF%": 0.037000000000000005,
    "SFv": 87.6,
    "KN%": null,
    "KNv": null,
    "XX%": 0.008,
    "PO%": null,
    "wFB": 12.9,
    "wSL": 2.1,
    "wCT": 8.6,
    "wCB": -2.1,
    "wCH": 3.7,
    "wSF": 1.0,
    "wKN": null,
    "wFB/C": 1.21,
    "wSL/C": 0.48,
    "wCT/C": 3.76,
    "wCB/C": -0.98,
    "wCH/C": 0.98,
    "wSF/C": 1.1,
    "wKN/C": null,
    "O-Swing%": 0.264,
    "Z-Swing%": 0.6829999999999999,
    "Swing%": 0.441,
    "O-Contact%": 0.605,
    "Z-Contact%": 0.8320000000000001,
    "Contact%": 0.754,
    "Zone%": 0.424,
    "F-Strike%": 0.603,
    "SwStr%": 0.11,
    "BsR": -0.2,
    "FA% (sc)": 0.29600000000000004,
    "FT% (sc)": null,
    "FC% (sc)": 0.098,
    "FS% (sc)": 0.031,
    "FO% (sc)": null,
    "SI% (sc)": 0.149,
    "SL% (sc)": 0.17300000000000001,
    "CU% (sc)": 0.08199999999999999,
    "KC% (sc)": 0.012,
    "EP% (sc)": null,
    "CH% (sc)": 0.159,
    "SC% (sc)": 0.0,
    "KN% (sc)": null,
    "UN% (sc)": null,
    "vFA (sc)": 93.9,
    "vFT (sc)": null,
    "vFC (sc)": 89.7,
    "vFS (sc)": 86.7,
    "vFO (sc)": null,
    "vSI (sc)": 92.8,
    "vSL (sc)": 84.3,
    "vCU (sc)": 79.2,
    "vKC (sc)": 81.4,
    "vEP (sc)": null,
    "vCH (sc)": 85.8,
    "vSC (sc)": 80.7,
    "vKN (sc)": null,
    "FA-X (sc)": -2.4,
    "FT-X (sc)": null,
    "FC-X (sc)": 0.4,
    "FS-X (sc)": -7.4,
    "FO-X (sc)": null,
    "SI-X (sc)": 0.0,
    "SL-X (sc)": 0.0,
    "CU-X (sc)": 4.2,
    "KC-X (sc)": 2.6,
    "EP-X (sc)": null,
    "CH-X (sc)": -7.7,
    "SC-X (sc)": -4.7,
    "KN-X (sc)": null,
    "FA-Z (sc)": 9.2,
    "FT-Z (sc)": null,
    "FC-Z (sc)": 4.8,
    "FS-Z (sc)": 0.5,
    "FO-Z (sc)": null,
    "SI-Z (sc)": 4.7,
    "SL-Z (sc)": 1.1,
    "CU-Z (sc)": -5.6,
    "KC-Z (sc)": -5.4,
    "EP-Z (sc)": null,
    "CH-Z (sc)": 3.8,
    "SC-Z (sc)": -2.0,
    "KN-Z (sc)": null,
    "wFA (sc)": 8.6,
    "wFT (sc)": null,
    "wFC (sc)": 7.8,
    "wFS (sc)": 1.1,
    "wFO (sc)": null,
    "wSI (sc)": 3.2,
    "wSL (sc)": 1.6,
    "wCU (sc)": 0.2,
    "wKC (sc)": -2.0,
    "wEP (sc)": null,
    "wCH (sc)": 2.1,
    "wSC (sc)": 0.0,
    "wKN (sc)": null,
    "wFA/C (sc)": 1.22,
    "wFT/C (sc)": null,
    "wFC/C (sc)": 3.36,
    "wFS/C (sc)": 1.4,
    "wFO/C (sc)": null,
    "wSI/C (sc)": 0.89,
    "wSL/C (sc)": 0.39,
    "wCU/C (sc)": 0.13,
    "wKC/C (sc)": -6.89,
    "wEP/C (sc)": null,
    "wCH/C (sc)": 0.56,
    "wSC/C (sc)": 3.81,
    "wKN/C (sc)": null,
    "O-Swing% (sc)": 0.24,
    "Z-Swing% (sc)": 0.634,
    "Swing% (sc)": 0.441,
    "O-Contact% (sc)": 0.5479999999999999,
    "Z-Contact% (sc)": 0.828,
    "Contact% (sc)": 0.753,
    "Zone% (sc)": 0.51,
    "Pace": 17.8,
    "Def": -3.9,
    "wSB": -1.1,
    "UBR": 1.0,
    "Age Rng": "23 - 23",
    "Off": 23.2,
    "Lg": 1.8,
    "wGDP": 0.4,
    "Pull%": 0.397,
    "Cent%": 0.363,
    "Oppo%": 0.24,
    "Soft%": 0.087,
    "Med%": 0.578,
    "Hard%": 0.335,
    "TTO%": 0.418,
    "CH% (pi)": 0.171,
    "CS% (pi)": null,
    "CU% (pi)": 0.084,
    "FA% (pi)": 0.292,
    "FC% (pi)": 0.09300000000000001,
    "FS% (pi)": 0.021,
    "KN% (pi)": null,
    "SB% (pi)": 0.0,
    "SI% (pi)": 0.14800000000000002,
    "SL% (pi)": 0.191,
    "XX% (pi)": null,
    "vCH (pi)": 86.0,
    "vCS (pi)": null,
    "vCU (pi)": 79.6,
    "vFA (pi)": 94.1,
    "vFC (pi)": 90.2,
    "vFS (pi)": 86.5,
    "vKN (pi)": null,
    "vSB (pi)": 80.9,
    "vSI (pi)": 93.0,
    "vSL (pi)": 84.3,
    "vXX (pi)": null,
    "CH-X (pi)": -7.4,
    "CS-X (pi)": null,
    "CU-X (pi)": 4.9,
    "FA-X (pi)": -2.4,
    "FC-X (pi)": 0.7,
    "FS-X (pi)": -6.2,
    "KN-X (pi)": null,
    "SB-X (pi)": -4.1,
    "SI-X (pi)": 0.2,
    "SL-X (pi)": 0.0,
    "XX-X (pi)": null,
    "CH-Z (pi)": 2.2,
    "CS-Z (pi)": null,
    "CU-Z (pi)": -7.7,
    "FA-Z (pi)": 8.3,
    "FC-Z (pi)": 4.1,
    "FS-Z (pi)": -0.1,
    "KN-Z (pi)": null,
    "SB-Z (pi)": -3.7,
    "SI-Z (pi)": 3.6,
    "SL-Z (pi)": -0.4,
    "XX-Z (pi)": null,
    "wCH (pi)": 5.8,
    "wCS (pi)": null,
    "wCU (pi)": -1.0,
    "wFA (pi)": 8.6,
    "wFC (pi)": 8.3,
    "wFS (pi)": -0.2,
    "wKN (pi)": null,
    "wSB (pi)": 0.0,
    "wSI (pi)": 2.8,
    "wSL (pi)": 0.1,
    "wXX (pi)": null,
    "wCH/C (pi)": 1.4,
    "wCS/C (pi)": null,
    "wCU/C (pi)": -0.5,
    "wFA/C (pi)": 1.22,
    "wFC/C (pi)": 3.71,
    "wFS/C (pi)": -0.46,
    "wKN/C (pi)": null,
    "wSB/C (pi)": 3.81,
    "wSI/C (pi)": 0.79,
    "wSL/C (pi)": 0.02,
    "wXX/C (pi)": null,
    "O-Swing% (pi)": 0.239,
    "Z-Swing% (pi)": 0.639,
    "Swing% (pi)": 0.442,
    "O-Contact% (pi)": 0.5489999999999999,
    "Z-Contact% (pi)": 0.83,
    "Contact% (pi)": 0.755,
    "Zone% (pi)": 0.506,
    "Pace (pi)": 17.8,
    "FRM": null,
    "AVG+": 109,
    "BB%+": 135,
    "K%+": 118,
    "OBP+": 113,
    "SLG+": 121,
    "ISO+": 140,
    "BABIP+": 115,
    "LD+%": 1.12,
    "GB%+": 105,
    "FB%+": 89,
    "HR/FB%+": 171,
    "Pull%+": 97,
    "Cent%+": 103,
    "Oppo%+": 100,
    "Soft%+": 53,
    "Med%+": 110,
    "Hard%+": 108,
    "EV": 91.3,
    "LA": 12.2,
    "Barrels": 48,
    "Barrel%": 0.134,
    "maxEV": 114.0,
    "HardHit": 166,
    "HardHit%": 0.462,
    "Events": 359,
    "CStr%": 0.171,
    "CSW%": 0.281,
    "xBA": 0.258,
    "xSLG": 0.49,
    "xwOBA": 0.357,
    "L-WAR": 4.3
}