{
    "data": [
    {
    "Bats": "R",
    "xMLBAMID": 592450,
    "Name": "<a href=\"statss.aspx?playerid=15640&position=OF\">Aaron Judge</a>",
    "Team": "<a href=\"leaders.aspx?pos=all&stats=bat&lg=all&qual=0&type=strType&season=2024&month=0&season1=2024&ind=0&team=9&rost=0&age=0\">NYY</a>",
    "Season": 2024,
    "Age": 32,
    "AgeR": "32 - 32",
    "SeasonMin": 2024,
    "SeasonMax": 2024,
    "G": 158,
    "AB": 559,
    "PA": 704,
    "H": 180,
    "1B": 85,
    "2B": 36,
    "3B": 1,
    "HR": 58,
    "R": 122,
    "RBI": 144,
    "BB": 133,
    "IBB": 20,
    "SO": 171,
    "HBP": 9,
    "SF": 2,
    "SH": 0,
    "GDP": 22,
    "SB": 10,
    "CS": 0,
    "AVG": 0.322003577,
    "GB": 119,
    "FB": 180,
    "LD": 91,
    "IFFB": 10,
    "Pitches": 2887,
    "Balls": 1252,
    "Strikes": 1635,
    "IFH": 10,
    "BU": 0,
    "BUH": 0,
    "BB%": 0.188920454,
    "K%": 0.242897727,
    "BB/K": 0.777777777,
    "OBP": 0.458036984,
    "SLG": 0.701252236,
    "OPS": 1.15928922,
    "ISO": 0.379248659,
    "BABIP": 0.367469879,
    "GB/FB": 0.661111111,
    "LD%": 0.233333333,
    "GB%": 0.305128205,
    "FB%": 0.461538461,
    "IFFB%": 0.055555555,
    "HR/FB": 0.322222222,
    "IFH%": 0.084033613,
    "BUH%": 0,
    "TTO%": 0.51420455,
    "wOBA": 0.4757340011100992,
    "wRAA": 93.8070330089052,
    "wRC": 176.15959543642595,
    "Batting": 95.39443773684098,
    "Fielding": -6.454547882080078,
    "Replacement": 21.286833882331848,
    "Positional": -3.431070327758789,
    "wLeague": 2.1798208951950073,
    "CFraming": null,
    "Defense": -9.885618209838867,
    "Offense": 94.95293077734306,
    "RAR": 108.53396734503104,
    "WAR": 11.209141730484584,
    "WAROld": 11.301639444885577,
    "Dollars": 89.67313384387667,
    "BaseRunning": -0.4415069594979286,
    "Spd": 3.920110021496349,
    "wRC+": 218.42537975678286,
    "wBsR": 0.3662685975432396,
    "WPA": 6.052570819854736,
    "-WPA": -9.413434028625488,
    "+WPA": 15.466004371643066,
    "RE24": 95.68399810791016,
    "REW": 9.918830871582031,
    "pLI": 0.9222756624221802,
    "phLI": null,
    "PH": 0,
    "WPA/LI": 9.279908180236816,
    "Clutch": -2.7172598675199655,
    "FB%1": 0.43906685,
    "FBv": 94.63968254,
    "SL%": 0.26706128,
    "SLv": 84.79921773,
    "CT%": 0.09087744,
    "CTv": 89.49808429,
    "CB%": 0.06754875,
    "CBv": 80.65463918,
    "CH%": 0.10550139,
    "CHv": 85.64119601,
    "SF%": 0.02994429,
    "SFv": 86.70930233,
    "KN%": null,
    "KNv": null,
    "XX%": 0.02978871,
    "PO%": null,
    "wFB": 48.826751708984375,
    "wSL": 19.000694274902344,
    "wCT": 6.395089149475098,
    "wCB": 1.2998239994049072,
    "wCH": 4.973850250244141,
    "wSF": 4.528101444244385,
    "wKN": null,
    "wFB/C": 3.872065956303281,
    "wSL/C": 2.477274351356238,
    "wCT/C": 2.4502257277682364,
    "wCB/C": 0.6700123708272718,
    "wCH/C": 1.6415347360541719,
    "wSF/C": 5.265234237493471,
    "wKN/C": null,
    "O-Swing%": 0.2134434,
    "Z-Swing%": 0.71938776,
    "Swing%": 0.42061281,
    "O-Contact%": 0.48895028,
    "Z-Contact%": 0.80732861,
    "Contact%": 0.71192053,
    "Zone%": 0.40947075,
    "F-Strike%": 0.51846591,
    "SwStr%": 0.12088673,
    "CStr%": 0.1461725,
    "C+SwStr%": 0.26705923,
    "Pull": 156,
    "Cent": 136,
    "Oppo": 98,
    "Soft": 29,
    "Med": 176,
    "Hard": 185,
    "bipCount": 391,
    "Pull%": 0.4,
    "Cent%": 0.34871795,
    "Oppo%": 0.25128205,
    "Soft%": 0.07435897,
    "Med%": 0.45128205,
    "Hard%": 0.47435897,
    "UBR": -0.19999998807907104,
    "GDPRuns": -0.6000000238418579,
    "AVG+": 134.32708947704978,
    "BB%+": 232.5308811909044,
    "K%+": 107.61807719575758,
    "OBP+": 148.29694715773218,
    "SLG+": 177.75736076551726,
    "ISO+": 245.01855071876696,
    "BABIP+": 128.67229885022377,
    "LD%+": 119.67502404365902,
    "GB%+": 73.56512600067268,
    "FB%+": 118.26597456106458,
    "HRFB%+": 284.2180508568359,
    "Pull%+": 98.0128353566075,
    "Cent%+": 99.34847310072279,
    "Oppo%+": 104.31603831285128,
    "Soft%+": 45.81766127569465,
    "Med%+": 85.45001204284088,
    "Hard%+": 153.22527979429057,
    "xwOBA": 0.484,
    "xAVG": 0.315,
    "xSLG": 0.742,
    "XBR": -0.8077755570411682,
    "PPTV": 2,
    "CPTV": 0,
    "BPTV": 0,
    "DSV": 0,
    "DGV": 0,
    "BTV": 0,
    "rPPTV": 0.16320419311523438,
    "rCPTV": null,
    "rBPTV": null,
    "rDSV": null,
    "rDGV": null,
    "rBTV": null,
    "EBV": 2,
    "ESV": 0,
    "rFTeamV": 0.16320419311523438,
    "rBTeamV": 0,
    "rTV": 0.16320419311523438,
    "pfxFA%": 0.26752255,
    "pfxFT%": null,
    "pfxFC%": 0.08778626,
    "pfxFS%": 0.03088133,
    "pfxFO%": null,
    "pfxSI%": 0.16932686,
    "pfxSL%": 0.27515614,
    "pfxCU%": 0.05586398,
    "pfxKC%": 0.00832755,
    "pfxEP%": null,
    "pfxCH%": 0.10513532,
    "pfxSC%": null,
    "pfxKN%": null,
    "pfxUN%": null,
    "pfxvFA": 94.83216804474708,
    "pfxvFT": null,
    "pfxvFC": 89.79604897480237,
    "pfxvFS": 86.63258207514045,
    "pfxvFO": null,
    "pfxvSI": 94.17643762807377,
    "pfxvSL": 84.84704051071878,
    "pfxvCU": 79.96459506017081,
    "pfxvKC": 81.26666768391927,
    "pfxvEP": null,
    "pfxvCH": 85.57293600453795,
    "pfxvSC": null,
    "pfxvKN": null,
    "pfxFA-X": -1.7604853806947147,
    "pfxFT-X": null,
    "pfxFC-X": 1.0138155368005806,
    "pfxFS-X": -5.909963543495436,
    "pfxFO-X": null,
    "pfxSI-X": -4.766239854155994,
    "pfxSL-X": 3.0796160126694514,
    "pfxCU-X": 3.1644508883079387,
    "pfxKC-X": 0.71108078956604,
    "pfxEP-X": null,
    "pfxCH-X": 0.8051794071008663,
    "pfxSC-X": null,
    "pfxKN-X": null,
    "pfxFA-Z": 9.492702380228598,
    "pfxFT-Z": null,
    "pfxFC-Z": 5.085289514111907,
    "pfxFS-Z": 2.1685170377238414,
    "pfxFO-Z": null,
    "pfxSI-Z": 4.473862945056353,
    "pfxSL-Z": 0.9885845015959962,
    "pfxCU-Z": -5.668734911806094,
    "pfxKC-Z": -5.830170313517253,
    "pfxEP-Z": null,
    "pfxCH-Z": 3.274638260945235,
    "pfxSC-Z": null,
    "pfxKN-Z": null,
    "pfxwFA": 27.69713208824396,
    "pfxwFT": null,
    "pfxwFC": 3.9735131300985813,
    "pfxwFS": 5.779230065643787,
    "pfxwFO": null,
    "pfxwSI": 19.082471799105406,
    "pfxwSL": 21.193599801510572,
    "pfxwCU": 0.7993116192519665,
    "pfxwKC": 0.9399565979838371,
    "pfxwEP": null,
    "pfxwCH": 5.565974052995443,
    "pfxwSC": null,
    "pfxwKN": null,
    "pfxwFA/C": 3.5923647325867654,
    "pfxwFT/C": null,
    "pfxwFC/C": 1.5705585494460796,
    "pfxwFS/C": 6.493516927689649,
    "pfxwFO/C": null,
    "pfxwSI/C": 3.910342581783895,
    "pfxwSL/C": 2.672585094768042,
    "pfxwCU/C": 0.4964668442558798,
    "pfxwKC/C": 3.916485824932655,
    "pfxwEP/C": null,
    "pfxwCH/C": 1.8369551330017966,
    "pfxwSC/C": null,
    "pfxwKN/C": null,
    "pfxO-Swing%": 0.17651099,
    "pfxZ-Swing%": 0.66900421,
    "pfxSwing%": 0.42019431,
    "pfxO-Contact%": 0.37743191,
    "pfxZ-Contact%": 0.80293501,
    "pfxContact%": 0.71263419,
    "pfxZone%": 0.49479528,
    "pfxPace": 18.99179207,
    "piCH%": 0.10825815,
    "piCS%": null,
    "piCU%": 0.05655795,
    "piFA%": 0.26682859,
    "piFC%": 0.092644,
    "piFS%": 0.0277585,
    "piKN%": null,
    "piSB%": null,
    "piSI%": 0.16793893,
    "piSL%": 0.28001388,
    "piXX%": null,
    "pivCH": 85.67918043870192,
    "pivCS": null,
    "pivCU": 79.93931532783742,
    "pivFA": 94.89966677503251,
    "pivFC": 89.8816640332397,
    "pivFS": 86.47086791992187,
    "pivKN": null,
    "pivSB": null,
    "pivSI": 94.19611957644628,
    "pivSL": 84.71741403345725,
    "pivXX": null,
    "piCH-X": 0.4704507191975911,
    "piCS-X": null,
    "piCU-X": 2.6154755200345092,
    "piFA-X": -1.634746735055673,
    "piFC-X": 1.2195125965589888,
    "piFS-X": -5.335019302368164,
    "piKN-X": null,
    "piSB-X": null,
    "piSI-X": -4.633299267981664,
    "piSL-X": 3.644240217433395,
    "piXX-X": null,
    "piCH-Z": 1.7414515568659856,
    "piCS-Z": null,
    "piCU-Z": -7.82093408502684,
    "piFA-Z": 8.464441187825097,